tags,counts
javascript,118108
java,92933
php,75929
android,73693
python,67635
c#,67573
html,52698
jquery,51818
ios,38457
css,36149
c++,33431
mysql,32841
angularjs,32316
sql,24560
swift,24231
arrays,20174
node.js,20004
r,19557
json,18312
ruby-on-rails,16753
c,16077
sql-server,14803
asp.net,14268
excel,11608
ajax,11537
regex,11474
objective-c,11389
ruby,11104
django,10443
linux,10350
asp.net-mvc,10327
spring,9985
xml,9947
.net,9540
wordpress,8932
laravel,8724
vba,8404
twitter-bootstrap,8281
mongodb,8089
database,8058
python-2.7,7819
string,7628
python-3.x,7345
bash,7177
angular,6948
reactjs,6929
wpf,6915
git,6838
windows,6729
android-studio,6662
html5,6573
excel-vba,6442
postgresql,6385
multithreading,6375
vb.net,6339
xcode,6219
oracle,6208
scala,6011
pandas,5634
matlab,5614
visual-studio,5592
forms,5335
eclipse,5191
amazon-web-services,5167
css3,5137
osx,5036
algorithm,4995
list,4989
azure,4988
symfony,4815
apache,4761
rest,4706
image,4704
apache-spark,4651
entity-framework,4484
powershell,4480
csv,4441
selenium,4327
maven,4321
hibernate,4289
shell,4268
typescript,4257
api,4251
cordova,4246
qt,4106
codeigniter,4013
function,3995
google-maps,3945
performance,3934
ionic-framework,3909
visual-studio-2015,3837
sqlite,3799
numpy,3795
loops,3782
ruby-on-rails-4,3764
unit-testing,3741
winforms,3733
docker,3710
.htaccess,3702
iphone,3661
swing,3658
spring-mvc,3656
listview,3642
express,3551
sorting,3538
android-fragments,3510
c++11,3504
meteor,3469
file,3457
uitableview,3447
linq,3422
google-chrome,3407
date,3404
elasticsearch,3402
dictionary,3390
android-layout,3295
facebook,3290
sockets,3277
laravel-5,3198
xaml,3195
opencv,3149
unity3d,3116
xamarin,3079
email,3055
class,3003
ubuntu,2993
datetime,2981
hadoop,2979
firebase,2963
spring-boot,2940
validation,2897
http,2854
go,2847
batch-file,2729
gradle,2697
d3.js,2691
for-loop,2688
web-services,2687
ssl,2681
jsp,2675
javafx,2641
pointers,2587
tsql,2537
matplotlib,2522
dataframe,2515
perl,2505
if-statement,2493
nginx,2491
oop,2449
object,2430
haskell,2422
react-native,2418
ms-access,2415
parsing,2378
curl,2375
selenium-webdriver,2365
laravel-5.2,2320
pdf,2320
asp.net-web-api,2308
swift2,2300
asynchronous,2291
session,2256
unix,2242
templates,2234
svg,2231
win-universal-app,2231
authentication,2222
jenkins,2220
recursion,2209
intellij-idea,2182
github,2182
tomcat,2132
matrix,2128
mysqli,2113
jpa,2065
asp.net-mvc-4,2055
arraylist,2051
animation,2014
security,1994
user-interface,1989
variables,1989
generics,1988
parse.com,1975
twitter-bootstrap-3,1966
redirect,1956
machine-learning,1934
npm,1914
ecmascript-6,1898
plot,1894
canvas,1879
debugging,1865
google-app-engine,1859
join,1850
ggplot2,1838
amazon-s3,1827
magento,1812
testing,1806
assembly,1800
sql-server-2008,1786
webpack,1777
inheritance,1772
multidimensional-array,1756
video,1748
server,1738
web,1737
mongoose,1737
flask,1731
stored-procedures,1731
networking,1728
heroku,1716
firefox,1712
post,1703
delphi,1698
gcc,1685
encryption,1683
image-processing,1676
gulp,1668
vector,1655
xpath,1649
tkinter,1647
checkbox,1632
caching,1630
angularjs-directive,1625
audio,1620
jdbc,1614
logging,1607
iis,1604
amazon-ec2,1597
asp.net-core,1589
url,1579
awk,1565
servlets,1560
math,1558
button,1550
cookies,1538
yii2,1538
model-view-controller,1537
select,1523
ssh,1521
opengl,1517
android-intent,1511
random,1497
pdo,1492
wcf,1488
xslt,1459
razor,1453
highcharts,1450
exception,1441
serialization,1438
mod-rewrite,1433
iframe,1426
facebook-graph-api,1417
memory,1409
spring-security,1408
cassandra,1407
google-maps-api-3,1403
ember.js,1403
activerecord,1402
input,1399
jsf,1398
recyclerview,1391
gridview,1349
grails,1349
google-chrome-extension,1346
struct,1344
dom,1339
methods,1336
sed,1327
charts,1326
lambda,1304
asp.net-mvc-5,1300
web-scraping,1286
search,1285
redux,1284
mvvm,1283
soap,1281
tensorflow,1281
winapi,1277
jquery-ui,1276
optimization,1272
reporting-services,1268
android-activity,1268
java-8,1266
indexing,1256
time,1243
cmd,1242
paypal,1240
events,1238
tfs,1237
neo4j,1236
playframework,1229
woocommerce,1229
cakephp,1226
internet-explorer,1216
mobile,1215
promise,1210
junit,1205
visual-studio-2013,1204
core-data,1202
groovy,1201
google-apps-script,1200
https,1197
boost,1194
google-spreadsheet,1189
websocket,1186
angular-ui-router,1186
plsql,1175
laravel-5.1,1174
graph,1172
sql-server-2012,1170
text,1167
oracle11g,1159
while-loop,1159
filter,1152
unicode,1150
hive,1150
sprite-kit,1145
excel-formula,1144
datatables,1136
django-models,1135
shiny,1135
dll,1131
eloquent,1129
doctrine2,1123
dependency-injection,1118
android-gradle,1114
netbeans,1113
foreach,1111
arduino,1110
webview,1108
push-notification,1084
data-structures,1073
hash,1067
flexbox,1067
design-patterns,1057
file-upload,1057
ffmpeg,1056
google-analytics,1055
scikit-learn,1043
three.js,1043
merge,1042
twitter,1041
makefile,1032
encoding,1029
xcode7,1022
java-ee,1019
redis,1018
clojure,1018
replace,1017
xamarin.forms,1016
solr,1015
tcp,1015
datagridview,1015
knockout.js,1015
google-cloud-messaging,1015
cocoa,1014
datatable,1008
import,1004
vbscript,1002
utf-8,1000
kendo-ui,1000
layout,998
error-handling,996
plugins,994
oauth,994
vim,990
ibm-bluemix,988
login,988
libgdx,987
terminal,986
macros,986
windows-10,981
lua,978
enums,975
socket.io,974
service,972
dynamic,970
asp.net-core-mvc,967
jasmine,960
cmake,960
visual-c++,957
pyspark,952
command-line,945
split,942
combobox,942
django-rest-framework,929
data-binding,929
uwp,927
ansible,925
protractor,922
printing,922
module,921
collections,920
outlook,915
proxy,909
bluetooth,908
linked-list,905
jar,903
types,902
datepicker,900
timer,897
asp.net-web-api2,897
realm,897
scipy,894
reflection,894
pagination,893
responsive-design,893
sharepoint,890
angularjs-scope,883
entity-framework-6,882
build,882
ssis,881
fonts,874
devise,874
constructor,871
raspberry-pi,869
design,858
oauth-2.0,858
autolayout,857
react-router,857
beautifulsoup,854
google-api,852
html-table,850
parallel-processing,850
rspec,850
sqlalchemy,850
scroll,849
memory-management,848
sas,846
apache-kafka,845
uiview,844
primefaces,843
neural-network,843
ios9,843
rust,841
android-asynctask,836
android-recyclerview,836
view,835
group-by,830
actionscript-3,829
extjs,828
colors,826
bitmap,825
drop-down-menu,823
io,823
automation,823
count,821
c#-4.0,817
sqlite3,815
cors,813
jackson,813
graphics,813
parameters,813
nullpointerexception,811
memory-leaks,811
uicollectionview,809
sass,808
jmeter,808
concurrency,806
compiler-errors,805
youtube,805
vagrant,803
database-design,800
deployment,800
uiviewcontroller,798
dns,796
routing,791
casting,791
scrapy,790
functional-programming,788
scope,784
ubuntu-14.04,782
access-vba,781
android-viewpager,780
controller,779
f#,778
notifications,778
pip,774
wso2,771
callback,769
mongodb-query,768
safari,764
ms-word,762
triggers,757
interface,757
xamarin.android,756
visual-studio-2012,756
appcelerator,753
dplyr,752
browser,748
windows-phone-8.1,746
grep,746
compilation,743
android-volley,743
sonarqube,735
3d,729
permissions,727
polymer,727
routes,727
elixir,724
path,723
tree,720
kubernetes,719
jersey,719
centos,718
properties,718
gruntjs,717
angularjs-ng-repeat,716
vue.js,714
babeljs,714
autocomplete,713
flash,711
leaflet,711
exception-handling,708
linux-kernel,705
jboss,701
material-design,701
cron,699
spring-data,698
openerp,695
get,691
mapreduce,689
angular-material,689
hashmap,687
process,687
apache-spark-sql,686
composer-php,685
svn,683
camera,683
phantomjs,683
hyperlink,681
rubygems,681
pygame,678
ftp,677
orm,674
webforms,672
wordpress-plugin,672
xampp,672
android-ndk,671
openssl,668
phpmyadmin,667
syntax,664
model,659
yii,659
datagrid,658
ruby-on-rails-3,656
url-rewriting,655
google-drive-sdk,652
duplicates,651
android-edittext,649
json.net,648
scripting,647
x86,647
windows-10-universal,647
firebase-database,644
prolog,641
calendar,640
cocoapods,637
request,636
binary,635
ionic2,634
nested,634
pyqt,633
office365,631
rabbitmq,628
configuration,628
transactions,625
msbuild,622
menu,622
static,622
pycharm,617
data.table,615
active-directory,613
retrofit,612
iterator,611
tabs,610
download,609
async-await,608
docker-compose,607
apache-camel,606
django-forms,605
version-control,602
backbone.js,600
cryptography,600
reference,596
joomla,594
uibutton,594
twig,593
null,590
appcelerator-titanium,590
xsd,589
uiscrollview,589
sitecore,587
web-applications,586
rxjs,586
javafx-8,586
sum,582
cuda,582
char,580
emacs,578
android-6.0-marshmallow,578
mocha,577
c++14,576
visual-studio-2010,573
logstash,571
sbt,571
youtube-api,569
lucene,569
python-requests,569
ipython,568
ipad,568
crystal-reports,564
stl,563
upload,562
vsts,561
unity5,560
google-bigquery,559
statistics,559
background,559
character-encoding,558
spark-streaming,557
kotlin,556
javascript-events,556
angular2-routing,555
codenameone,555
bigdata,553
drupal,553
imageview,553
onclick,552
fortran,551
listbox,550
bootstrap-modal,550
appium,548
architecture,545
nlp,545
asp.net-identity,544
rx-java,542
retrofit2,542
sql-update,541
drag-and-drop,534
debian,533
mockito,532
gwt,532
continuous-integration,532
kivy,530
django-views,530
console,529
google-cloud-platform,529
cordova-plugins,528
mocking,528
deep-learning,528
keyboard,527
installation,527
geolocation,526
sails.js,525
segmentation-fault,523
xamarin.ios,522
django-templates,522
aws-lambda,522
file-io,521
ant,519
java-stream,519
computer-vision,518
smtp,518
doctrine,516
coldfusion,515
insert,515
sdk,515
alamofire,514
qml,514
nuget,514
google-play-services,514
vscode,514
floating-point,513
rotation,512
mule,511
switch-statement,511
operating-system,510
cocoa-touch,510
tuples,510
build.gradle,509
dependencies,509
int,509
linker,508
akka,507
angular-ui-bootstrap,506
apple-push-notifications,506
textbox,506
arm,505
cakephp-3.0,504
spring-integration,504
textview,503
phpstorm,502
jvm,502
azure-web-sites,502
jwt,501
xmlhttprequest,501
stack,501
mfc,499
uiimageview,499
jasper-reports,498
header,498
hdfs,497
css-selectors,495
ldap,495
localization,493
spring-data-jpa,493
namespaces,493
amazon-dynamodb,492
db2,492
return,492
format,490
sublimetext3,490
crash,490
opengl-es,489
gson,489
annotations,489
time-series,487
google-visualization,486
gps,485
automated-tests,485
garbage-collection,485
jupyter-notebook,484
jax-rs,483
tableview,483
xml-parsing,482
numbers,481
http-headers,480
jframe,480
serial-port,477
modal-dialog,477
zend-framework2,476
binding,475
ibm-mobilefirst,475
anaconda,474
location,473
webdriver,473
uiimage,472
openshift,472
set,472
webrtc,471
swagger,471
cypher,471
sapui5,470
timestamp,470
initialization,470
stream,468
jquery-mobile,467
lodash,467
timezone,465
telerik,464
google-play,463
find,462
integer,461
bluetooth-lowenergy,460
polymer-1.0,460
fragment,459
fullcalendar,459
jqgrid,459
base64,457
signalr,457
queue,456
phpunit,456
sql-server-2014,456
electron,454
navigation,454
sql-server-2008-r2,452
chef,452
dialog,452
html5-canvas,451
pattern-matching,451
udp,451
formatting,450
apache-poi,450
kendo-grid,450
output,449
jsoup,449
time-complexity,449
ssl-certificate,449
ckeditor,447
julia-lang,447
spark-dataframe,446
directory,445
package,445
uinavigationcontroller,444
erlang,443
twilio,442
frameworks,442
uiwebview,442
testng,441
aggregation-framework,440
storyboard,440
karma-jasmine,438
subprocess,438
attributes,438
command,437
localhost,436
android-sqlite,435
web-crawler,435
wildfly,434
jaxb,434
apache-pig,433
mono,433
boolean,433
python-3.5,430
hbase,429
radio-button,429
polymorphism,429
order,428
laravel-4,427
google-chrome-devtools,426
pug,426
wsdl,426
delegates,425
foreign-keys,424
closures,423
save,422
gitlab,421
tags,421
synchronization,420
qt5,420
entity-framework-core,418
gmail,417
network-programming,417
drupal-7,417
environment-variables,415
eclipse-plugin,414
coffeescript,413
magento-1.9,412
mariadb,412
struts2,412
spring-batch,411
uitextfield,411
passwords,411
multiprocessing,409
wix,409
jsf-2,408
ms-access-2010,408
iteration,407
range,406
android-toolbar,406
internationalization,406
migration,404
owin,404
virtual-machine,404
navigation-drawer,403
nosql,403
conditional,403
requirejs,402
hover,401
admob,401
certificate,401
clang,401
phonegap-plugins,401
ansible-playbook,400
android-camera,399
jni,398
mean-stack,397
phoenix-framework,397
value,397
underscore.js,397
asp-classic,397
virtualbox,396
append,395
constraints,395
zip,395
try-catch,394
compare,394
tcl,392
dockerfile,392
momentjs,392
sequelize.js,392
logic,391
yaml,390
malloc,390
label,389
theano,389
jenkins-plugins,389
sharedpreferences,388
kernel,388
sh,388
chart.js,387
treeview,387
elastic-beanstalk,386
grid,386
aurelia,386
django-admin,385
subquery,385
event-handling,384
substring,384
arguments,384
double,384
cucumber,383
g++,383
segue,382
copy,382
containers,382
orientdb,381
processing,381
sharepoint-2013,381
media-queries,380
stripe-payments,380
authorization,380
in-app-purchase,379
hex,378
bitbucket,378
less,377
zurb-foundation,376
popup,376
seo,376
ide,376
parameter-passing,375
ip,375
webstorm,375
broadcastreceiver,375
timeout,374
android-emulator,374
browserify,374
pipe,373
wordpress-theming,372
android-actionbar,372
maps,372
handlebars.js,372
aem,371
applescript,370
verilog,370
out-of-memory,369
relational-database,368
httprequest,368
jupyter,368
openlayers-3,368
http-post,367
gdb,367
pthreads,366
regression,366
ef-code-first,366
nltk,365
android-service,364
vb6,364
latex,364
css-animations,364
android-support-library,364
capybara,364
syntax-error,364
embedded,363
singleton,363
icons,363
odata,363
client,362
vhdl,362
log4j,362
jekyll,362
operator-overloading,362
codeigniter-3,361
match,361
printf,360
concatenation,360
html5-video,360
max,360
uilabel,359
jpanel,359
pyqt4,359
angular-ui-grid,359
task,358
classification,358
type-conversion,358
odoo-8,356
pivot,356
prestashop,356
windows-runtime,356
local-storage,355
dropdown,354
excel-2010,353
firebase-authentication,353
raspberry-pi2,352
internet-explorer-11,352
tfs2015,352
connection,351
geometry,351
nunit,350
video-streaming,350
report,350
opencart,350
ms-office,350
jtable,349
google-places-api,349
user-controls,349
ng-repeat,348
imagemagick,348
cursor,348
aws-sdk,347
cygwin,347
slider,347
notepad++,347
webgl,347
karma-runner,346
scanf,345
google-compute-engine,344
google-cloud-datastore,344
rstudio,343
